Business Name,VBSC,City,State,Business Website,Business Model,CSA,Food-Hub,Cooperative,Online (Delivery or Pickup),Legal Structure,National,Regional,State,County,Produce,Dairy,Meat,Eggs,Seafood,Value-Added/ Dry goods,Preserves/ Honey,Health/Nutrition,Fresh,Local,Sustainable/Environment,Fair,Community,Humane (Animal),AHSF,Education (Consumers),Education (Farmers),Commerce/Economics (Local Economy),Affordability,Transparency,Organic,Accessability
Shenandoah Food,1,Rockbridge Baths,VA,http://www.shenandoahfood.com/,.,0,1,0,0,,0,0,1,0,1,1,1,1,0,1,1,0,1,1,0,0,0,0,0,0,0,0,0,0,0,0
,,,,,,,,,,,,,,,,,,,,,,,,,,,,,,,,,,,,
,,,,,,,,,,,,,,,,,,,,,,,,,,,,,,,,,,,,
Definitely VBSC,,,,,,,,,,,,,,,,,,,,,,,,,,,,,,,,,,,,
"Farmers markets, which operate once or twice per seek",,,,,,,,,,,,,,,,,,,,,,,,,,,,,,,,,,,,
"Food cooperatives, retail outlets, or auctions",,,,,,,,,,,,,,,,,,,,,,,,,,,,,,,,,,,,
Not enough information,,,,,,,,,,,,,,,,,,,,,,,,,,,,,,,,,,,,
Definitely not VBSC,,,,,,,,,,,,,,,,,,,,,,,,,,,,,,,,,,,,
